{
    "cnn_filters": 16,
    "kernel_size": 5,
    "hidden_dim": 8,
    "fc_units": 64,
    "dropout": 0.03499847921591526,
    "bidirectional": true,
    "num_layers": 1,
    "batch_size": 32,
    "learning_rate": 0.003366029486931047
}